{
  "heuristics": {
    "Normal text": {
      "avg": 0.015522438334301114,
      "median": 0.015416997484862804,
      "min": 0.015040975995361805,
      "max": 0.018249964341521263,
      "text_length": 33,
      "verdict": "allow"
    },
    "Short injection": {
      "avg": 0.018402525456622243,
      "median": 0.016021018382161856,
      "min": 0.01525005791336298,
      "max": 0.08091703057289124,
      "text_length": 23,
      "verdict": "block"
    },
    "Long injection": {
      "avg": 0.06851494195871055,
      "median": 0.06816699169576168,
      "min": 0.06687501445412636,
      "max": 0.07637497037649155,
      "text_length": 370,
      "verdict": "block"
    },
    "Complex prompt": {
      "avg": 0.10795371839776635,
      "median": 0.10589597513899207,
      "min": 0.09966699872165918,
      "max": 0.1469579292461276,
      "text_length": 620,
      "verdict": "allow"
    },
    "Very long text": {
      "avg": 1.503303311765194,
      "median": 1.504937477875501,
      "min": 1.4115000376477838,
      "max": 1.6371660167351365,
      "text_length": 10500,
      "verdict": "allow"
    }
  },
  "pii": {
    "No PII": {
      "avg": 0.02261706511490047,
      "median": 0.022042018827050924,
      "min": 0.021249987185001373,
      "max": 0.028875074349343777,
      "text_length": 58,
      "pii_count": 0
    },
    "Email only": {
      "avg": 0.02122371573932469,
      "median": 0.021104526240378618,
      "min": 0.020499923266470432,
      "max": 0.023708096705377102,
      "text_length": 49,
      "pii_count": 1
    },
    "Phone only": {
      "avg": 0.020030770683661103,
      "median": 0.020000035874545574,
      "min": 0.01966592390090227,
      "max": 0.020749983377754688,
      "text_length": 33,
      "pii_count": 1
    },
    "Multiple PII": {
      "avg": 0.025747488252818584,
      "median": 0.02479198155924678,
      "min": 0.02404197584837675,
      "max": 0.07375003769993782,
      "text_length": 58,
      "pii_count": 2
    },
    "Large text with PII": {
      "avg": 0.49009580514393747,
      "median": 0.484916556160897,
      "min": 0.45837496872991323,
      "max": 0.5740420892834663,
      "text_length": 2216,
      "pii_count": 1
    }
  },
  "scaling": {
    "size_100": {
      "size": 100,
      "avg_time": 0.02745005185715854,
      "time_per_kb": 0.29280055314302444
    },
    "size_500": {
      "size": 500,
      "avg_time": 0.08157679694704711,
      "time_per_kb": 0.1697858538084883
    },
    "size_1000": {
      "size": 1000,
      "avg_time": 0.15807290328666568,
      "time_per_kb": 0.16251671984492536
    },
    "size_5000": {
      "size": 5000,
      "avg_time": 0.735133292619139,
      "time_per_kb": 0.15079657284495157
    },
    "size_10000": {
      "size": 10000,
      "avg_time": 1.4654208382125944,
      "time_per_kb": 0.15011914148956548
    },
    "size_50000": {
      "size": 50000,
      "avg_time": 3.8382707454729825,
      "time_per_kb": 0.07862036412554677
    }
  }
}
